FeedBackId,AdminId,FeedBack
1,6,Positive feedback about lorem ipsum dolor sit amet consectetuer adipiscing elit proin interdum.
2,19,A review mentioning congue risus semper porta volutpat quam pede lobortis ligula sit amet eleifend.
3,30,"Appreciation for the service received, justo eu massa donec dapibus duis at velit eu est congue elementum."
4,5,Feedback regarding the null integer pede justo lacinia eget tincidunt eget tempus vel.
5,17,Feedback about scelerisque mauris sit amet eros suspendisse accumsan tortor quis turpis sed ante.
6,15,Review mentioning sem sed sagittis nam congue risus semper porta volutpat quam pede lobortis ligula sit amet eleifend.
7,38,Elementum ligula vehicula consequat morbi a ipsum integer a nibh in quis justo maecenas rhoncus aliquam.
8,33,The review states that nisl nunc rhoncus dui vel sem sed sagittis nam congue risus semper.
9,3,Feedback mentioning rhoncus aliquam lacus morbi quis tortor id nulla ultrices aliquet maecenas.
10,39,Cras pellentesque volutpat dui maecenas tristique est et tempus semper.
11,32,Feedback stating quam pede lobortis ligula sit amet eleifend pede libero quis orci nullam molestie nibh in lectus.
12,11,Review saying dis parturient montes nascetur ridiculus mus vivamus vestibulum sagittis sapien cum sociis.
13,10,Feedback mentioning justo nec condimentum neque sapien placerat ante nulla justo aliquam quis turpis eget elit sodales.
14,25,Review stating platea dictumst aliquam augue quam sollicitudin vitae consectetuer eget rutrum.
15,14,Feedback about in hac habitasse platea dictumst etiam faucibus cursus urna ut.
16,26,Review mentioning rutrum nulla nunc purus phasellus in felis donec semper sapien a libero nam.
17,20,Feedback stating pede lobortis ligula sit amet eleifend pede libero quis orci nullam molestie nibh in lectus pellentesque at.
18,16,Review mentioning nulla elit ac nulla sed vel enim sit amet nunc viverra dapibus.
19,27,Feedback about tristique est et tempus semper est quam pharetra magna ac consequat metus sapien ut nunc vestibulum ante ipsum primis.
20,37,Mauris ullamcorper purus sit amet nulla quisque arcu libero rutrum ac lobortis vel dapibus at diam nam tristique tortor eu.
21,7,Feedback mentioning egestas metus aenean fermentum donec ut mauris eget massa tempor convallis.
22,12,Review stating maecenas tristique est et tempus semper est quam pharetra magna ac consequat metus sapien ut nunc vestibulum ante ipsum primis.
23,40,Feedback saying mi sit amet lobortis sapien sapien non mi integer ac neque duis bibendum morbi non quam.
24,36,Review stating elit ac nulla sed vel enim sit amet nunc viverra dapibus nulla suscipit.
25,29,Feedback about morbi quis tortor id nulla ultrices aliquet maecenas leo odio condimentum id luctus nec molestie.
26,13,Review mentioning ut rhoncus aliquet pulvinar sed nisl nunc rhoncus dui vel sem sed sagittis.
27,34,Feedback stating tincidunt eu felis fusce posuere felis sed lacus morbi sem mauris.
28,35,Review mentioning nulla ac enim in tempor turpis nec euismod scelerisque quam turpis adipiscing lorem vitae mattis nibh ligula.
29,28,Feedback about augue vel accumsan tellus nisi eu orci mauris lacinia sapien quis libero nullam sit.
30,9,Review stating faucibus orci luctus et ultrices posuere cubilia curae duis faucibus accumsan odio curabitur convallis duis.
31,24,Feedback mentioning orci nullam molestie nibh in lectus pellentesque at nulla suspendisse potenti cras in purus.
32,23,Review stating maecenas tincidunt lacus at velit vivamus vel nulla eget eros elementum pellentesque quisque porta.
33,22,Feedback stating non velit nec nisi vulputate nonummy maecenas tincidunt lacus at velit vivamus vel.
34,4,Review mentioning pede posuere nonummy integer non velit donec diam neque vestibulum eget.
35,1,Feedback stating mi in porttitor pede justo eu massa donec dapibus duis at velit eu est congue elementum in hac.
36,31,Review mentioning non ligula pellentesque ultrices phasellus id sapien in sapien iaculis congue vivamus metus arcu adipiscing molestie hendrerit.
37,21,Feedback stating justo pellentesque viverra pede ac diam cras pellentesque volutpat dui maecenas tristique est et tempus semper est quam.
38,8,Review mentioning mauris morbi non lectus aliquam sit amet diam in magna bibendum imperdiet nullam orci.
39,18,Feedback about sit amet cursus id turpis integer aliquet massa id lobortis convallis tortor risus dapibus augue vel accumsan.
40,2,Review stating nulla suspendisse potenti cras in purus eu magna vulputate luctus cum sociis natoque.